event_id,timestamp,memory_consumption,process_id
840f213c-1b48-43f6-a4bd-43fbb55f80e4,11/01/2017 02:24:00,MEDIUM,SuperNova
e2eb45a9-e4cd-4d68-a3cf-cadea102f093,11/01/2017 02:44:00,HIGH,SuperNova
ca30ab47-3de7-4862-955e-25f85cd724cd,11/01/2017 06:00:00,LOW,SuperNova
8ee4a584-139e-4ac7-be0e-00054d68bd9a,11/01/2017 06:38:00,MEDIUM,SuperNova
70cd0c85-4da7-4976-948d-c4ea867680c5,11/01/2017 07:24:00,LOW,SuperNova
9af001ce-ce00-46c1-bf77-6fcd6fa67a52,11/01/2017 07:44:00,MEDIUM,SuperNova
cd0f4359-d9d4-4508-a23a-a900d94043e3,11/01/2017 09:04:00,LOW,SuperNova
0dcbad34-68e1-4b59-8228-e5394bda09e1,11/01/2017 09:54:00,HIGH,SuperNova
516f9eb5-d25a-4a29-8ffa-7176076b6164,11/01/2017 09:56:00,MEDIUM,SuperNova
910e1f95-29cd-460f-843b-bff4b1bbe673,11/01/2017 09:59:00,HIGH,SuperNova
f345d9a2-74c6-42e1-bd3e-61bdbef3b803,11/01/2017 10:04:00,LOW,SuperNova
a1e88b2e-89ff-45f4-b2b8-90fcaf11d71e,11/01/2017 10:09:00,MEDIUM,SuperNova
2e16be23-985d-4ca6-a6ba-fcacdccef0c5,11/01/2017 10:32:00,HIGH,SuperNova
fa24dfc8-9dc8-4847-8d21-199640220ad5,11/01/2017 10:41:00,HIGH,SuperNova
f5a24f8e-8507-48cb-ab3f-4355dfad34fe,11/01/2017 10:50:00,HIGH,SuperNova
2390b31c-a3d8-44ff-b7eb-8e898e6bda1c,11/01/2017 12:08:00,MEDIUM,SuperNova
fa87118b-3610-44e9-9115-a838498fc01f,11/01/2017 12:21:00,HIGH,SuperNova
2a444f8f-2704-4700-a12d-38e68b29c916,11/01/2017 12:22:00,HIGH,SuperNova
8b263875-ec34-40dc-97d4-477fd853b927,11/01/2017 12:26:00,LOW,Genome
293780eb-3478-4c77-99fd-1a085e4b26a2,11/01/2017 12:36:00,MEDIUM,Genome
25da644d-540f-4a6c-81e1-40e23485de98,11/01/2017 12:44:00,HIGH,Genome
963f90ff-08d8-4c20-9895-2783172098c5,11/01/2017 14:04:00,HIGH,Genome
ca6cf446-5271-49cd-ae17-f522e38b167b,11/01/2017 14:15:00,MEDIUM,Genome
ce98c2ab-3ed1-41ef-91fe-eebfaf440178,11/01/2017 14:30:00,LOW,Genome
35a7800e-2dd8-44fa-9f78-942e368cb419,11/01/2017 14:37:00,LOW,Genome
23f014be-57c9-43b9-8d89-a38442cb328a,11/01/2017 14:41:00,LOW,Genome
5f13d5d7-1e37-4a27-942c-5964b69fa293,11/01/2017 19:16:00,MEDIUM,Genome
2a5de284-cf66-4105-8756-a7022100418b,11/01/2017 19:18:00,HIGH,Genome
d954274a-d4f0-4809-bddb-c8a0c37ab164,11/01/2017 19:19:00,LOW,Genome
27a927e2-e4f6-4e55-af54-83a723538c62,11/01/2017 22:16:00,HIGH,Genome
7b0986d7-90a4-424d-be82-48920775cd36,11/01/2017 22:17:00,MEDIUM,Genome
3beb4949-c90f-47d3-a759-d6d1e224f185,11/01/2017 22:42:00,LOW,Genome